{"train_loss": [0.40332519130481315, 0.22489541285925926, 0.11469283818410297, 0.053941369470150456], "val_loss": [0.33549073822240333, 0.376460623663308, 0.464900308295584, 0.5415305923740033], "train_f1": [0.8060627759875879, 0.9133988863878687, 0.9587653157398679, 0.9805210044590471], "val_f1": [0.8522212148685404, 0.8516483516483516, 0.8566275924256087, 0.8464566929133859]}