{"train_loss": [0.4536289261298233, 0.33078942573472353, 0.24685237146495434, 0.1970836397413904, 0.159572519473592, 0.15221453852226002], "val_loss": [0.33468151706106525, 0.34494541475878043, 0.37111280420247245, 0.4005713594310424, 0.4741286070031278, 0.4839557948357919], "train_f1": [0.7425377571649422, 0.8136234626300851, 0.8449876601245738, 0.8562367864693446, 0.8800469483568075, 0.8800281458895275], "val_f1": [0.8462998102466793, 0.8605287146763901, 0.8601134215500946, 0.8617731172545281, 0.8579766536964981, 0.8560747663551401]}