{"train_loss": [0.47495594648609446, 0.36444455787037194, 0.294959747417366, 0.2441114453312833, 0.20465826773353285, 0.18801906193547258], "val_loss": [0.3598969885531594, 0.3271581241313149, 0.3399690006147413, 0.4054003936402938, 0.43917471827829585, 0.48775212729678435], "train_f1": [0.7395238095238095, 0.8041089345437171, 0.8398719924143654, 0.8579492003762935, 0.8785882352941176, 0.8848370779908247], "val_f1": [0.824016563146998, 0.8641049671977507, 0.8597616865261227, 0.8605504587155963, 0.8574091332712022, 0.8626728110599078]}